filename,class
img_00001.png,2919745
img_00002.png,2919745
img_00003.png,2919745
img_00004.png,2919745
img_00005.png,2919745
img_00006.png,2919745
img_00007.png,2919745
img_00008.png,2919745
img_00009.png,2919745
img_00010.png,2919745
img_00011.png,2919745
img_00012.png,2919745
img_00013.png,2919745
img_00014.png,2919745
img_00015.png,2919745
img_00016.png,2919745
img_00017.png,2919745
img_00018.png,2919745
img_00019.png,2919745
img_00020.png,2919745
img_00021.png,2919745
img_00022.png,2919745
img_00023.png,2919745
img_00024.png,2919745
img_00025.png,2919745
img_00026.png,2919745
img_00027.png,2919745
img_00028.png,2919745
img_00029.png,2919745
img_00030.png,2919745
img_00031.png,2919745
img_00032.png,2919745
img_00033.png,2919745
img_00034.png,2919745
img_00035.png,2919745
img_00036.png,2919745
img_00037.png,2919745
img_00038.png,2919745
img_00039.png,2919745
img_00040.png,2919745
img_00041.png,2919745
img_00042.png,2919745
img_00043.png,2919745
img_00044.png,2919745
img_00045.png,2919745
img_00046.png,2919745
img_00047.png,2919745
img_00048.png,2919745
img_00049.png,2919745
img_00050.png,2919745
img_00051.png,2919745
img_00052.png,2919745
img_00053.png,2919745
img_00054.png,2919745
img_00055.png,2919745
img_00056.png,2919745
img_00057.png,2919745
img_00058.png,2919745
img_00059.png,2919745
img_00060.png,2919745
img_00061.png,2919745
img_00062.png,2919745
img_00063.png,2919745
img_00064.png,2919745
img_00065.png,2919745
img_00066.png,2919745
img_00067.png,2919745
img_00068.png,2919745
img_00069.png,2919745
img_00070.png,2919745
img_00071.png,2919745
img_00072.png,2919745
img_00073.png,2919745
img_00074.png,2919745
img_00075.png,2919745
img_00076.png,2919745
img_00077.png,2919745
img_00078.png,2919745
img_00079.png,2919745
img_00080.png,2919745
img_00081.png,2919745
img_00082.png,2919745
img_00083.png,2919745
img_00084.png,2919745
img_00085.png,2919745
img_00086.png,2919745
img_00087.png,2919745
img_00088.png,2919745
img_00089.png,2919745
img_00090.png,2919745
img_00091.png,2919745
img_00092.png,2919745
img_00093.png,2919745
img_00094.png,2919745
img_00095.png,2919745
img_00096.png,2919745
img_00097.png,2919745
img_00098.png,2919745
img_00099.png,2919745
img_00100.png,2919745
img_00101.png,2919746
img_00102.png,2919746
img_00103.png,2919746
img_00104.png,2919746
img_00105.png,2919746
img_00106.png,2919746
img_00107.png,2919746
img_00108.png,2919746
img_00109.png,2919746
img_00110.png,2919746
img_00111.png,2919746
img_00112.png,2919746
img_00113.png,2919746
img_00114.png,2919746
img_00115.png,2919746
img_00116.png,2919746
img_00117.png,2919746
img_00118.png,2919746
img_00119.png,2919746
img_00120.png,2919746
img_00121.png,2919746
img_00122.png,2919746
img_00123.png,2919746
img_00124.png,2919746
img_00125.png,2919746
img_00126.png,2919746
img_00127.png,2919746
img_00128.png,2919746
img_00129.png,2919746
img_00130.png,2919746
img_00131.png,2919746
img_00132.png,2919746
img_00133.png,2919746
img_00134.png,2919746
img_00135.png,2919746
img_00136.png,2919746
img_00137.png,2919746
img_00138.png,2919746
img_00139.png,2919746
img_00140.png,2919746
img_00141.png,2919746
img_00142.png,2919746
img_00143.png,2919746
img_00144.png,2919746
img_00145.png,2919746
img_00146.png,2919746
img_00147.png,2919746
img_00148.png,2919746
img_00149.png,2919746
img_00150.png,2919746
img_00151.png,2919746
img_00152.png,2919746
img_00153.png,2919746
img_00154.png,2919746
img_00155.png,2919746
img_00156.png,2919746
img_00157.png,2919746
img_00158.png,2919746
img_00159.png,2919746
img_00160.png,2919746
img_00161.png,2919746
img_00162.png,2919746
img_00163.png,2919746
img_00164.png,2919746
img_00165.png,2919746
img_00166.png,2919746
img_00167.png,2919746
img_00168.png,2919746
img_00169.png,2919746
img_00170.png,2919746
img_00171.png,2919746
img_00172.png,2919746
img_00173.png,2919746
img_00174.png,2919746
img_00175.png,2919746
img_00176.png,2919746
img_00177.png,2919746
img_00178.png,2919746
img_00179.png,2919746
img_00180.png,2919746
img_00181.png,2919746
img_00182.png,2919746
img_00183.png,2919746
img_00184.png,2919746
img_00185.png,2919746
img_00186.png,2919746
img_00187.png,2919746
img_00188.png,2919746
img_00189.png,2919746
img_00190.png,2919746
img_00191.png,2919746
img_00192.png,2919746
img_00193.png,2919746
img_00194.png,2919746
img_00195.png,2919746
img_00196.png,2919746
img_00197.png,2919746
img_00198.png,2919746
img_00199.png,2919746
img_00200.png,2919746
img_00201.png,2919747
img_00202.png,2919747
img_00203.png,2919747
img_00204.png,2919747
img_00205.png,2919747
img_00206.png,2919747
img_00207.png,2919747
img_00208.png,2919747
img_00209.png,2919747
img_00210.png,2919747
img_00211.png,2919747
img_00212.png,2919747
img_00213.png,2919747
img_00214.png,2919747
img_00215.png,2919747
img_00216.png,2919747
img_00217.png,2919747
img_00218.png,2919747
img_00219.png,2919747
img_00220.png,2919747
img_00221.png,2919747
img_00222.png,2919747
img_00223.png,2919747
img_00224.png,2919747
img_00225.png,2919747
img_00226.png,2919747
img_00227.png,2919747
img_00228.png,2919747
img_00229.png,2919747
img_00230.png,2919747
img_00231.png,2919747
img_00232.png,2919747
img_00233.png,2919747
img_00234.png,2919747
img_00235.png,2919747
img_00236.png,2919747
img_00237.png,2919747
img_00238.png,2919747
img_00239.png,2919747
img_00240.png,2919747
img_00241.png,2919747
img_00242.png,2919747
img_00243.png,2919747
img_00244.png,2919747
img_00245.png,2919747
img_00246.png,2919747
img_00247.png,2919747
img_00248.png,2919747
img_00249.png,2919747
img_00250.png,2919747
img_00251.png,2919747
img_00252.png,2919747
img_00253.png,2919747
img_00254.png,2919747
img_00255.png,2919747
img_00256.png,2919747
img_00257.png,2919747
img_00258.png,2919747
img_00259.png,2919747
img_00260.png,2919747
img_00261.png,2919747
img_00262.png,2919747
img_00263.png,2919747
img_00264.png,2919747
img_00265.png,2919747
img_00266.png,2919747
img_00267.png,2919747
img_00268.png,2919747
img_00269.png,2919747
img_00270.png,2919747
img_00271.png,2919747
img_00272.png,2919747
img_00273.png,2919747
img_00274.png,2919747
img_00275.png,2919747
img_00276.png,2919747
img_00277.png,2919747
img_00278.png,2919747
img_00279.png,2919747
img_00280.png,2919747
img_00281.png,2919747
img_00282.png,2919747
img_00283.png,2919747
img_00284.png,2919747
img_00285.png,2919747
img_00286.png,2919747
img_00287.png,2919747
img_00288.png,2919747
img_00289.png,2919747
img_00290.png,2919747
img_00291.png,2919747
img_00292.png,2919747
img_00293.png,2919747
img_00294.png,2919747
img_00295.png,2919747
img_00296.png,2919747
img_00297.png,2919747
img_00298.png,2919747
img_00299.png,2919747
img_00300.png,2919747
img_00301.png,2919748
img_00302.png,2919748
img_00303.png,2919748
img_00304.png,2919748
img_00305.png,2919748
img_00306.png,2919748
img_00307.png,2919748
img_00308.png,2919748
img_00309.png,2919748
img_00310.png,2919748
img_00311.png,2919748
img_00312.png,2919748
img_00313.png,2919748
img_00314.png,2919748
img_00315.png,2919748
img_00316.png,2919748
img_00317.png,2919748
img_00318.png,2919748
img_00319.png,2919748
img_00320.png,2919748
img_00321.png,2919748
img_00322.png,2919748
img_00323.png,2919748
img_00324.png,2919748
img_00325.png,2919748
img_00326.png,2919748
img_00327.png,2919748
img_00328.png,2919748
img_00329.png,2919748
img_00330.png,2919748
img_00331.png,2919748
img_00332.png,2919748
img_00333.png,2919748
img_00334.png,2919748
img_00335.png,2919748
img_00336.png,2919748
img_00337.png,2919748
img_00338.png,2919748
img_00339.png,2919748
img_00340.png,2919748
img_00341.png,2919748
img_00342.png,2919748
img_00343.png,2919748
img_00344.png,2919748
img_00345.png,2919748
img_00346.png,2919748
img_00347.png,2919748
img_00348.png,2919748
img_00349.png,2919748
img_00350.png,2919748
img_00351.png,2919748
img_00352.png,2919748
img_00353.png,2919748
img_00354.png,2919748
img_00355.png,2919748
img_00356.png,2919748
img_00357.png,2919748
img_00358.png,2919748
img_00359.png,2919748
img_00360.png,2919748
img_00361.png,2919748
img_00362.png,2919748
img_00363.png,2919748
img_00364.png,2919748
img_00365.png,2919748
img_00366.png,2919748
img_00367.png,2919748
img_00368.png,2919748
img_00369.png,2919748
img_00370.png,2919748
img_00371.png,2919748
img_00372.png,2919748
img_00373.png,2919748
img_00374.png,2919748
img_00375.png,2919748
img_00376.png,2919748
img_00377.png,2919748
img_00378.png,2919748
img_00379.png,2919748
img_00380.png,2919748
img_00381.png,2919748
img_00382.png,2919748
img_00383.png,2919748
img_00384.png,2919748
img_00385.png,2919748
img_00386.png,2919748
img_00387.png,2919748
img_00388.png,2919748
img_00389.png,2919748
img_00390.png,2919748
img_00391.png,2919748
img_00392.png,2919748
img_00393.png,2919748
img_00394.png,2919748
img_00395.png,2919748
img_00396.png,2919748
img_00397.png,2919748
img_00398.png,2919748
img_00399.png,2919748
img_00400.png,2919748
img_00401.png,2919749
img_00402.png,2919749
img_00403.png,2919749
img_00404.png,2919749
img_00405.png,2919749
img_00406.png,2919749
img_00407.png,2919749
img_00408.png,2919749
img_00409.png,2919749
img_00410.png,2919749
img_00411.png,2919749
img_00412.png,2919749
img_00413.png,2919749
img_00414.png,2919749
img_00415.png,2919749
img_00416.png,2919749
img_00417.png,2919749
img_00418.png,2919749
img_00419.png,2919749
img_00420.png,2919749
img_00421.png,2919749
img_00422.png,2919749
img_00423.png,2919749
img_00424.png,2919749
img_00425.png,2919749
img_00426.png,2919749
img_00427.png,2919749
img_00428.png,2919749
img_00429.png,2919749
img_00430.png,2919749
img_00431.png,2919749
img_00432.png,2919749
img_00433.png,2919749
img_00434.png,2919749
img_00435.png,2919749
img_00436.png,2919749
img_00437.png,2919749
img_00438.png,2919749
img_00439.png,2919749
img_00440.png,2919749
img_00441.png,2919749
img_00442.png,2919749
img_00443.png,2919749
img_00444.png,2919749
img_00445.png,2919749
img_00446.png,2919749
img_00447.png,2919749
img_00448.png,2919749
img_00449.png,2919749
img_00450.png,2919749
img_00451.png,2919749
img_00452.png,2919749
img_00453.png,2919749
img_00454.png,2919749
img_00455.png,2919749
img_00456.png,2919749
img_00457.png,2919749
img_00458.png,2919749
img_00459.png,2919749
img_00460.png,2919749
img_00461.png,2919749
img_00462.png,2919749
img_00463.png,2919749
img_00464.png,2919749
img_00465.png,2919749
img_00466.png,2919749
img_00467.png,2919749
img_00468.png,2919749
img_00469.png,2919749
img_00470.png,2919749
img_00471.png,2919749
img_00472.png,2919749
img_00473.png,2919749
img_00474.png,2919749
img_00475.png,2919749
img_00476.png,2919749
img_00477.png,2919749
img_00478.png,2919749
img_00479.png,2919749
img_00480.png,2919749
img_00481.png,2919749
img_00482.png,2919749
img_00483.png,2919749
img_00484.png,2919749
img_00485.png,2919749
img_00486.png,2919749
img_00487.png,2919749
img_00488.png,2919749
img_00489.png,2919749
img_00490.png,2919749
img_00491.png,2919749
img_00492.png,2919749
img_00493.png,2919749
img_00494.png,2919749
img_00495.png,2919749
img_00496.png,2919749
img_00497.png,2919749
img_00498.png,2919749
img_00499.png,2919749
img_00500.png,2919749
img_00501.png,2919750
img_00502.png,2919750
img_00503.png,2919750
img_00504.png,2919750
img_00505.png,2919750
img_00506.png,2919750
img_00507.png,2919750
img_00508.png,2919750
img_00509.png,2919750
img_00510.png,2919750
img_00511.png,2919750
img_00512.png,2919750
img_00513.png,2919750
img_00514.png,2919750
img_00515.png,2919750
img_00516.png,2919750
img_00517.png,2919750
img_00518.png,2919750
img_00519.png,2919750
img_00520.png,2919750
img_00521.png,2919750
img_00522.png,2919750
img_00523.png,2919750
img_00524.png,2919750
img_00525.png,2919750
img_00526.png,2919750
img_00527.png,2919750
img_00528.png,2919750
img_00529.png,2919750
img_00530.png,2919750
img_00531.png,2919750
img_00532.png,2919750
img_00533.png,2919750
img_00534.png,2919750
img_00535.png,2919750
img_00536.png,2919750
img_00537.png,2919750
img_00538.png,2919750
img_00539.png,2919750
img_00540.png,2919750
img_00541.png,2919750
img_00542.png,2919750
img_00543.png,2919750
img_00544.png,2919750
img_00545.png,2919750
img_00546.png,2919750
img_00547.png,2919750
img_00548.png,2919750
img_00549.png,2919750
img_00550.png,2919750
img_00551.png,2919750
img_00552.png,2919750
img_00553.png,2919750
img_00554.png,2919750
img_00555.png,2919750
img_00556.png,2919750
img_00557.png,2919750
img_00558.png,2919750
img_00559.png,2919750
img_00560.png,2919750
img_00561.png,2919750
img_00562.png,2919750
img_00563.png,2919750
img_00564.png,2919750
img_00565.png,2919750
img_00566.png,2919750
img_00567.png,2919750
img_00568.png,2919750
img_00569.png,2919750
img_00570.png,2919750
img_00571.png,2919750
img_00572.png,2919750
img_00573.png,2919750
img_00574.png,2919750
img_00575.png,2919750
img_00576.png,2919750
img_00577.png,2919750
img_00578.png,2919750
img_00579.png,2919750
img_00580.png,2919750
img_00581.png,2919750
img_00582.png,2919750
img_00583.png,2919750
img_00584.png,2919750
img_00585.png,2919750
img_00586.png,2919750
img_00587.png,2919750
img_00588.png,2919750
img_00589.png,2919750
img_00590.png,2919750
img_00591.png,2919750
img_00592.png,2919750
img_00593.png,2919750
img_00594.png,2919750
img_00595.png,2919750
img_00596.png,2919750
img_00597.png,2919750
img_00598.png,2919750
img_00599.png,2919750
img_00600.png,2919750
img_00601.png,2919751
img_00602.png,2919751
img_00603.png,2919751
img_00604.png,2919751
img_00605.png,2919751
img_00606.png,2919751
img_00607.png,2919751
img_00608.png,2919751
img_00609.png,2919751
img_00610.png,2919751
img_00611.png,2919751
img_00612.png,2919751
img_00613.png,2919751
img_00614.png,2919751
img_00615.png,2919751
img_00616.png,2919751
img_00617.png,2919751
img_00618.png,2919751
img_00619.png,2919751
img_00620.png,2919751
img_00621.png,2919751
img_00622.png,2919751
img_00623.png,2919751
img_00624.png,2919751
img_00625.png,2919751
img_00626.png,2919751
img_00627.png,2919751
img_00628.png,2919751
img_00629.png,2919751
img_00630.png,2919751
img_00631.png,2919751
img_00632.png,2919751
img_00633.png,2919751
img_00634.png,2919751
img_00635.png,2919751
img_00636.png,2919751
img_00637.png,2919751
img_00638.png,2919751
img_00639.png,2919751
img_00640.png,2919751
img_00641.png,2919751
img_00642.png,2919751
img_00643.png,2919751
img_00644.png,2919751
img_00645.png,2919751
img_00646.png,2919751
img_00647.png,2919751
img_00648.png,2919751
img_00649.png,2919751
img_00650.png,2919751
img_00651.png,2919751
img_00652.png,2919751
img_00653.png,2919751
img_00654.png,2919751
img_00655.png,2919751
img_00656.png,2919751
img_00657.png,2919751
img_00658.png,2919751
img_00659.png,2919751
img_00660.png,2919751
img_00661.png,2919751
img_00662.png,2919751
img_00663.png,2919751
img_00664.png,2919751
img_00665.png,2919751
img_00666.png,2919751
img_00667.png,2919751
img_00668.png,2919751
img_00669.png,2919751
img_00670.png,2919751
img_00671.png,2919751
img_00672.png,2919751
img_00673.png,2919751
img_00674.png,2919751
img_00675.png,2919751
img_00676.png,2919751
img_00677.png,2919751
img_00678.png,2919751
img_00679.png,2919751
img_00680.png,2919751
img_00681.png,2919751
img_00682.png,2919751
img_00683.png,2919751
img_00684.png,2919751
img_00685.png,2919751
img_00686.png,2919751
img_00687.png,2919751
img_00688.png,2919751
img_00689.png,2919751
img_00690.png,2919751
img_00691.png,2919751
img_00692.png,2919751
img_00693.png,2919751
img_00694.png,2919751
img_00695.png,2919751
img_00696.png,2919751
img_00697.png,2919751
img_00698.png,2919751
img_00699.png,2919751
img_00700.png,2919751
img_00701.png,2919752
img_00702.png,2919752
img_00703.png,2919752
img_00704.png,2919752
img_00705.png,2919752
img_00706.png,2919752
img_00707.png,2919752
img_00708.png,2919752
img_00709.png,2919752
img_00710.png,2919752
img_00711.png,2919752
img_00712.png,2919752
img_00713.png,2919752
img_00714.png,2919752
img_00715.png,2919752
img_00716.png,2919752
img_00717.png,2919752
img_00718.png,2919752
img_00719.png,2919752
img_00720.png,2919752
img_00721.png,2919752
img_00722.png,2919752
img_00723.png,2919752
img_00724.png,2919752
img_00725.png,2919752
img_00726.png,2919752
img_00727.png,2919752
img_00728.png,2919752
img_00729.png,2919752
img_00730.png,2919752
img_00731.png,2919752
img_00732.png,2919752
img_00733.png,2919752
img_00734.png,2919752
img_00735.png,2919752
img_00736.png,2919752
img_00737.png,2919752
img_00738.png,2919752
img_00739.png,2919752
img_00740.png,2919752
img_00741.png,2919752
img_00742.png,2919752
img_00743.png,2919752
img_00744.png,2919752
img_00745.png,2919752
img_00746.png,2919752
img_00747.png,2919752
img_00748.png,2919752
img_00749.png,2919752
img_00750.png,2919752
img_00751.png,2919752
img_00752.png,2919752
img_00753.png,2919752
img_00754.png,2919752
img_00755.png,2919752
img_00756.png,2919752
img_00757.png,2919752
img_00758.png,2919752
img_00759.png,2919752
img_00760.png,2919752
img_00761.png,2919752
img_00762.png,2919752
img_00763.png,2919752
img_00764.png,2919752
img_00765.png,2919752
img_00766.png,2919752
img_00767.png,2919752
img_00768.png,2919752
img_00769.png,2919752
img_00770.png,2919752
img_00771.png,2919752
img_00772.png,2919752
img_00773.png,2919752
img_00774.png,2919752
img_00775.png,2919752
img_00776.png,2919752
img_00777.png,2919752
img_00778.png,2919752
img_00779.png,2919752
img_00780.png,2919752
img_00781.png,2919752
img_00782.png,2919752
img_00783.png,2919752
img_00784.png,2919752
img_00785.png,2919752
img_00786.png,2919752
img_00787.png,2919752
img_00788.png,2919752
img_00789.png,2919752
img_00790.png,2919752
img_00791.png,2919752
img_00792.png,2919752
img_00793.png,2919752
img_00794.png,2919752
img_00795.png,2919752
img_00796.png,2919752
img_00797.png,2919752
img_00798.png,2919752
img_00799.png,2919752
img_00800.png,2919752
img_00801.png,2919753
img_00802.png,2919753
img_00803.png,2919753
img_00804.png,2919753
img_00805.png,2919753
img_00806.png,2919753
img_00807.png,2919753
img_00808.png,2919753
img_00809.png,2919753
img_00810.png,2919753
img_00811.png,2919753
img_00812.png,2919753
img_00813.png,2919753
img_00814.png,2919753
img_00815.png,2919753
img_00816.png,2919753
img_00817.png,2919753
img_00818.png,2919753
img_00819.png,2919753
img_00820.png,2919753
img_00821.png,2919753
img_00822.png,2919753
img_00823.png,2919753
img_00824.png,2919753
img_00825.png,2919753
img_00826.png,2919753
img_00827.png,2919753
img_00828.png,2919753
img_00829.png,2919753
img_00830.png,2919753
img_00831.png,2919753
img_00832.png,2919753
img_00833.png,2919753
img_00834.png,2919753
img_00835.png,2919753
img_00836.png,2919753
img_00837.png,2919753
img_00838.png,2919753
img_00839.png,2919753
img_00840.png,2919753
img_00841.png,2919753
img_00842.png,2919753
img_00843.png,2919753
img_00844.png,2919753
img_00845.png,2919753
img_00846.png,2919753
img_00847.png,2919753
img_00848.png,2919753
img_00849.png,2919753
img_00850.png,2919753
img_00851.png,2919753
img_00852.png,2919753
img_00853.png,2919753
img_00854.png,2919753
img_00855.png,2919753
img_00856.png,2919753
img_00857.png,2919753
img_00858.png,2919753
img_00859.png,2919753
img_00860.png,2919753
img_00861.png,2919753
img_00862.png,2919753
img_00863.png,2919753
img_00864.png,2919753
img_00865.png,2919753
img_00866.png,2919753
img_00867.png,2919753
img_00868.png,2919753
img_00869.png,2919753
img_00870.png,2919753
img_00871.png,2919753
img_00872.png,2919753
img_00873.png,2919753
img_00874.png,2919753
img_00875.png,2919753
img_00876.png,2919753
img_00877.png,2919753
img_00878.png,2919753
img_00879.png,2919753
img_00880.png,2919753
img_00881.png,2919753
img_00882.png,2919753
img_00883.png,2919753
img_00884.png,2919753
img_00885.png,2919753
img_00886.png,2919753
img_00887.png,2919753
img_00888.png,2919753
img_00889.png,2919753
img_00890.png,2919753
img_00891.png,2919753
img_00892.png,2919753
img_00893.png,2919753
img_00894.png,2919753
img_00895.png,2919753
img_00896.png,2919753
img_00897.png,2919753
img_00898.png,2919753
img_00899.png,2919753
img_00900.png,2919753
img_00901.png,2919754
img_00902.png,2919754
img_00903.png,2919754
img_00904.png,2919754
img_00905.png,2919754
img_00906.png,2919754
img_00907.png,2919754
img_00908.png,2919754
img_00909.png,2919754
img_00910.png,2919754
img_00911.png,2919754
img_00912.png,2919754
img_00913.png,2919754
img_00914.png,2919754
img_00915.png,2919754
img_00916.png,2919754
img_00917.png,2919754
img_00918.png,2919754
img_00919.png,2919754
img_00920.png,2919754
img_00921.png,2919754
img_00922.png,2919754
img_00923.png,2919754
img_00924.png,2919754
img_00925.png,2919754
img_00926.png,2919754
img_00927.png,2919754
img_00928.png,2919754
img_00929.png,2919754
img_00930.png,2919754
img_00931.png,2919754
img_00932.png,2919754
img_00933.png,2919754
img_00934.png,2919754
img_00935.png,2919754
img_00936.png,2919754
img_00937.png,2919754
img_00938.png,2919754
img_00939.png,2919754
img_00940.png,2919754
img_00941.png,2919754
img_00942.png,2919754
img_00943.png,2919754
img_00944.png,2919754
img_00945.png,2919754
img_00946.png,2919754
img_00947.png,2919754
img_00948.png,2919754
img_00949.png,2919754
img_00950.png,2919754
img_00951.png,2919754
img_00952.png,2919754
img_00953.png,2919754
img_00954.png,2919754
img_00955.png,2919754
img_00956.png,2919754
img_00957.png,2919754
img_00958.png,2919754
img_00959.png,2919754
img_00960.png,2919754
img_00961.png,2919754
img_00962.png,2919754
img_00963.png,2919754
img_00964.png,2919754
img_00965.png,2919754
img_00966.png,2919754
img_00967.png,2919754
img_00968.png,2919754
img_00969.png,2919754
img_00970.png,2919754
img_00971.png,2919754
img_00972.png,2919754
img_00973.png,2919754
img_00974.png,2919754
img_00975.png,2919754
img_00976.png,2919754
img_00977.png,2919754
img_00978.png,2919754
img_00979.png,2919754
img_00980.png,2919754
img_00981.png,2919754
img_00982.png,2919754
img_00983.png,2919754
img_00984.png,2919754
img_00985.png,2919754
img_00986.png,2919754
img_00987.png,2919754
img_00988.png,2919754
img_00989.png,2919754
img_00990.png,2919754
img_00991.png,2919754
img_00992.png,2919754
img_00993.png,2919754
img_00994.png,2919754
img_00995.png,2919754
img_00996.png,2919754
img_00997.png,2919754
img_00998.png,2919754
img_00999.png,2919754
img_01000.png,2919754
